Language_ID,Language_name,Parameter,Value,Description
eng,English (Standard Southern British),Alignment of Case Marking of Pronouns,Nominative - accusative (standard),Nominative - accusative (standard)
eng,English (Standard Southern British),Sex-based and Non-sex-based Gender Systems,Sex-based,Sex-based gender system
eng,English,Sex-based and Non-sex-based Gender Systems,Sex-based,Sex-based gender system
eng,English,'Want' Complement Subjects,Subject is left implicit,The complement subject is left implicit
eng,English,The Associative Plural,No associative plural,Associative plural absent
eng,English,Verbal Person Marking,Only the A argument,Person marking of only the A argument
eng,English,Number of Genders,Three,Three
eng,English (Standard Southern British),Number of Genders,Three,Three
eng,English,Number of Genders,Three,Three
eng,English (Standard Southern British),Verbal Person Marking,Only the A argument,Person marking of only the A argument
eng,English,Verbal Person Marking,Only the A argument,Person marking of only the A argument
eng,English,Presence of Uncommon Consonants,'Th' sounds,'Th' sounds
eng,English,M in Second Person Singular,No m in second person singular,No m in second person singular
eng,English,Zero Marking of A and P Arguments,Non-zero marking,Non-zero marking
eng,English (Standard Southern British),Zero Marking of A and P Arguments,Non-zero marking,Non-zero marking
eng,English,Zero Marking of A and P Arguments,Non-zero marking,Non-zero marking
eng,English (Standard Southern British),M in Second Person Singular,No m in second person singular,No m in second person singular
eng,English,M in Second Person Singular,No m in second person singular,No m in second person singular
eng,English (Standard Southern British),Presence of Uncommon Consonants,'Th' sounds,'Th' sounds
eng,English,Presence of Uncommon Consonants,'Th' sounds,'Th' sounds
eng,English,Fixed Stress Locations,No fixed stress,No fixed stress (mostly weight-sensitive stress)
eng,English (Standard Southern British),Fixed Stress Locations,No fixed stress,No fixed stress (mostly weight-sensitive stress)
eng,English,Fixed Stress Locations,No fixed stress,No fixed stress (mostly weight-sensitive stress)
eng,English,"Position of Negative Word With Respect to Subject, Object, and Verb",SNegVO,SNegVO
eng,English,Applicative Constructions,No applicative construction,No applicative construction
eng,English (Standard Southern British),Applicative Constructions,No applicative construction,No applicative construction
eng,English,Tone,No tones,No tones
eng,English (Standard Southern British),Tone,No tones,No tones
eng,English,Sex-based and Non-sex-based Gender Systems,Sex-based,Sex-based gender system
eng,English,Tone,No tones,No tones
eng,English (Standard Southern British),'Want' Complement Subjects,Subject is left implicit,The complement subject is left implicit
eng,English (Standard Southern British),The Associative Plural,No associative plural,Associative plural absent
eng,English (Standard Southern British),Weight Factors in Weight-Sensitive Stress Systems,Long vowel or coda consonant,Long vowel + Coda: long vowels or closed syllables
eng,English,Weight Factors in Weight-Sensitive Stress Systems,Long vowel or coda consonant,Long vowel + Coda: long vowels or closed syllables
eng,English,Order of Numeral and Noun,Numeral-Noun,Numeral precedes noun (NumN)
eng,English (Standard Southern British),Order of Numeral and Noun,Numeral-Noun,Numeral precedes noun (NumN)
eng,English,Order of Numeral and Noun,Numeral-Noun,Numeral precedes noun (NumN)
eng,English,Pronominal and Adnominal Demonstratives,Identical,Same forms
eng,English (Standard Southern British),Pronominal and Adnominal Demonstratives,Identical,Same forms
eng,English,Pronominal and Adnominal Demonstratives,Identical,Same forms
eng,English,Distance Contrasts in Demonstratives,Two-way contrast,Two-way contrast
eng,English (Standard Southern British),Distance Contrasts in Demonstratives,Two-way contrast,Two-way contrast
eng,English,Distance Contrasts in Demonstratives,Two-way contrast,Two-way contrast
eng,English,Ditransitive Constructions: The Verb 'Give',Mixed,Mixed
eng,English,Alignment of Case Marking of Pronouns,Nominative - accusative (standard),Nominative - accusative (standard)
eng,English (Standard Southern British),Ditransitive Constructions: The Verb 'Give',Mixed,Mixed
eng,English,Ditransitive Constructions: The Verb 'Give',Mixed,Mixed
eng,English,Definite Articles,Definite word distinct from demonstrative,Definite word distinct from demonstrative
eng,English (Standard Southern British),Definite Articles,Definite word distinct from demonstrative,Definite word distinct from demonstrative
eng,English,Definite Articles,Definite word distinct from demonstrative,Definite word distinct from demonstrative
eng,English,The Associative Plural,No associative plural,Associative plural absent
eng,English,The Prohibitive,Normal imperative + normal negative,The prohibitive uses the verbal construction of the second singular imperative and a sentential negative strategy found in (indicative) declaratives
eng,English,Alignment of Case Marking of Pronouns,Nominative - accusative (standard),Nominative - accusative (standard)
eng,English,Occurrence of Nominal Plurality,"All nouns, always obligatory","Plural in all nouns, always obligatory"
eng,English (Standard Southern British),Occurrence of Nominal Plurality,"All nouns, always obligatory","Plural in all nouns, always obligatory"
eng,English,Occurrence of Nominal Plurality,"All nouns, always obligatory","Plural in all nouns, always obligatory"
eng,English,Systems of Gender Assignment,Semantic,Semantic assignment
eng,English (Standard Southern British),Systems of Gender Assignment,Semantic,Semantic assignment
eng,English,Systems of Gender Assignment,Semantic,Semantic assignment
eng,English,'Want' Complement Subjects,Subject is left implicit,The complement subject is left implicit
eng,English,Number of Cases,2 cases,2 case categories
eng,English (Standard Southern British),"Position of Negative Word With Respect to Subject, Object, and Verb",SNegVO,SNegVO
eng,English,"Position of Negative Word With Respect to Subject, Object, and Verb",SNegVO,SNegVO
eng,English (Standard Southern British),Hand and Arm,Different,"Differentiation: one word denotes 'hand' and another, different word denotes 'arm'"
eng,English,Hand and Arm,Different,"Differentiation: one word denotes 'hand' and another, different word denotes 'arm'"
eng,English,Subtypes of Asymmetric Standard Negation,A/Cat,In other grammatical categories: Subtype A/Cat
eng,English (Standard Southern British),Subtypes of Asymmetric Standard Negation,A/Cat,In other grammatical categories: Subtype A/Cat
eng,English,Subtypes of Asymmetric Standard Negation,A/Cat,In other grammatical categories: Subtype A/Cat
eng,English,Symmetric and Asymmetric Standard Negation,Both,Symmetric and asymmetric standard negation: Type SymAsy
eng,English (Standard Southern British),Symmetric and Asymmetric Standard Negation,Both,Symmetric and asymmetric standard negation: Type SymAsy
eng,English,Symmetric and Asymmetric Standard Negation,Both,Symmetric and asymmetric standard negation: Type SymAsy
eng,English (Standard Southern British),The Optative,Inflectional optative absent,Inflectional optative absent
eng,English,Weight-Sensitive Stress,Right-oriented: One of the last three,Right-oriented: The antepenultimate is involved
eng,English,The Optative,Inflectional optative absent,Inflectional optative absent
eng,English,Negative Morphemes,Negative particle,Negative particle
eng,English (Standard Southern British),Negative Morphemes,Negative particle,Negative particle
eng,English,Negative Morphemes,Negative particle,Negative particle
eng,English,SNegVO Order,Word&NoDoubleNeg,"Separate word, no double negation"
eng,English,Overlap between Situational and Epistemic Modal Marking,Overlap for both possibility and necessity,"The language has markers that can code both situational and epistemic modality, both for possibility and necessity"
eng,English (Standard Southern British),Overlap between Situational and Epistemic Modal Marking,Overlap for both possibility and necessity,"The language has markers that can code both situational and epistemic modality, both for possibility and necessity"
eng,English,Nonperiphrastic Causative Constructions,Morphological but no compound,Morphological type but no compound type
eng,English (Standard Southern British),Nonperiphrastic Causative Constructions,Morphological but no compound,Morphological type but no compound type
eng,English (Standard Southern British),Politeness Distinctions in Pronouns,No politeness distinction,Second person pronouns encode no politeness distinction
eng,English (Standard Southern British),SNegVO Order,Word&NoDoubleNeg,"Separate word, no double negation"
eng,English,Overlap between Situational and Epistemic Modal Marking,Overlap for both possibility and necessity,"The language has markers that can code both situational and epistemic modality, both for possibility and necessity"
eng,English,SNegVO Order,Word&NoDoubleNeg,"Separate word, no double negation"
eng,English,Alignment of Verbal Person Marking,Accusative,Accusative alignment
eng,English (Standard Southern British),Alignment of Verbal Person Marking,Accusative,Accusative alignment
eng,English,Alignment of Verbal Person Marking,Accusative,Accusative alignment
eng,English,Alignment of Case Marking of Full Noun Phrases,Neutral,Neutral
eng,English,Hand and Arm,Different,"Differentiation: one word denotes 'hand' and another, different word denotes 'arm'"
eng,English,Applicative Constructions,No applicative construction,No applicative construction
eng,English,The Position of Negative Morphemes in SVO Languages,SNegVO,SNegVO
eng,English (Standard Southern British),Order of Negative Morpheme and Verb,NegV,NegV
eng,English,Voicing in Plosives and Fricatives,In both plosives and fricatives,Voicing contrast in both plosives and fricatives
eng,English (Standard Southern British),Voicing in Plosives and Fricatives,In both plosives and fricatives,Voicing contrast in both plosives and fricatives
eng,English,Voicing in Plosives and Fricatives,In both plosives and fricatives,Voicing contrast in both plosives and fricatives
eng,English,Position of negative words relative to beginning and end of clause and with respect to adjacency to verb,Immed preverbal,Immediately preverbal
eng,English,SVONeg Order,No SVONeg,SVO but SVONeg does not occur
eng,English (Standard Southern British),SVONeg Order,No SVONeg,SVO but SVONeg does not occur
eng,English,SVONeg Order,No SVONeg,SVO but SVONeg does not occur
eng,English (Standard Southern British),Position of negative words relative to beginning and end of clause and with respect to adjacency to verb,Immed preverbal,Immediately preverbal
eng,English,Other Roles of Applied Objects,No applicative construction,No applicative construction
eng,English (Standard Southern British),Other Roles of Applied Objects,No applicative construction,No applicative construction
eng,English,SVNegO Order,No SVNegO,"SVO, but SVNegO does not occur"
eng,English (Standard Southern British),SVNegO Order,No SVNegO,"SVO, but SVNegO does not occur"
eng,English,SVNegO Order,No SVNegO,"SVO, but SVNegO does not occur"
eng,English,Other Roles of Applied Objects,No applicative construction,No applicative construction
eng,English,Position of negative words relative to beginning and end of clause and with respect to adjacency to verb,Immed preverbal,Immediately preverbal
eng,English,Postverbal Negative Morphemes,,No postverbal negative morpheme
eng,English (Standard Southern British),Postverbal Negative Morphemes,,No postverbal negative morpheme
eng,English,Postverbal Negative Morphemes,,No postverbal negative morpheme
eng,English,The Optative,Inflectional optative absent,Inflectional optative absent
eng,English,The Position of Negative Morphemes in SVO Languages,SNegVO,SNegVO
eng,English (Standard Southern British),The Position of Negative Morphemes in SVO Languages,SNegVO,SNegVO
eng,English,Preverbal Negative Morphemes,NegV,Preverbal negative word
eng,English (Standard Southern British),Preverbal Negative Morphemes,NegV,Preverbal negative word
eng,English,Preverbal Negative Morphemes,NegV,Preverbal negative word
eng,English,Weight-Sensitive Stress,Right-oriented: One of the last three,Right-oriented: The antepenultimate is involved
eng,English (Standard Southern British),Weight-Sensitive Stress,Right-oriented: One of the last three,Right-oriented: The antepenultimate is involved
eng,English,Order of Negative Morpheme and Verb,NegV,NegV
eng,English,Order of Negative Morpheme and Verb,NegV,NegV
eng,English (Standard Southern British),Number of Cases,2 cases,2 case categories
eng,English,Number of Cases,2 cases,2 case categories
eng,English,Obligatory Possessive Inflection,Absent,No obligatorily possessed nouns
eng,English (Standard Southern British),Locus of Marking in the Clause,Dependent marking,P is dependent-marked
eng,English,Locus of Marking in the Clause,Dependent marking,P is dependent-marked
eng,English,Productivity of the Antipassive Construction,no antipassive,no antipassive
eng,English (Standard Southern British),Productivity of the Antipassive Construction,no antipassive,no antipassive
eng,English,Productivity of the Antipassive Construction,no antipassive,no antipassive
eng,English,The Morphological Imperative,No second-person imperatives,The language has no morphologically dedicated second-person imperatives at all
eng,English,Expression of Pronominal Subjects,Obligatory pronouns in subject position,Pronominal subjects are expressed by pronouns in subject position that are normally if not obligatorily present
eng,English (Standard Southern British),Expression of Pronominal Subjects,Obligatory pronouns in subject position,Pronominal subjects are expressed by pronouns in subject position that are normally if not obligatorily present
eng,English,Antipassive Constructions,No antipassive,No antipassive
eng,English (Standard Southern British),Antipassive Constructions,No antipassive,No antipassive
eng,English,Antipassive Constructions,No antipassive,No antipassive
eng,English,Reciprocal Constructions,Distinct from reflexive,All reciprocal constructions are formally distinct from reflexive constructions.
eng,English (Standard Southern British),Reciprocal Constructions,Distinct from reflexive,All reciprocal constructions are formally distinct from reflexive constructions.
eng,English,Reciprocal Constructions,Distinct from reflexive,All reciprocal constructions are formally distinct from reflexive constructions.
eng,English,Expression of Pronominal Subjects,Obligatory pronouns in subject position,Pronominal subjects are expressed by pronouns in subject position that are normally if not obligatorily present
eng,English,Order of Person Markers on the Verb,A and P do not or do not both occur on the verb,A and P do not or do not both occur on the verb
eng,English (Standard Southern British),Order of Person Markers on the Verb,A and P do not or do not both occur on the verb,A and P do not or do not both occur on the verb
eng,English,Locus of Marking: Whole-language Typology,Dependent-marking,Consistently dependent-marking
eng,English (Standard Southern British),Locus of Marking: Whole-language Typology,Dependent-marking,Consistently dependent-marking
eng,English,Third Person Zero of Verbal Person Marking,No zero realization,No zero realization of third person S forms
eng,English (Standard Southern British),Third Person Zero of Verbal Person Marking,No zero realization,No zero realization of third person S forms
eng,English,Third Person Zero of Verbal Person Marking,No zero realization,No zero realization of third person S forms
eng,English,Order of Person Markers on the Verb,A and P do not or do not both occur on the verb,A and P do not or do not both occur on the verb
eng,English,Locus of Marking: Whole-language Typology,Dependent-marking,Consistently dependent-marking
eng,English,Verbal Number and Suppletion,,No singular-(dual)-plural pairs/triples
eng,English (Standard Southern British),Verbal Number and Suppletion,,No singular-(dual)-plural pairs/triples
eng,English,Verbal Number and Suppletion,,No singular-(dual)-plural pairs/triples
eng,English (Standard Southern British),The Morphological Imperative,No second-person imperatives,The language has no morphologically dedicated second-person imperatives at all
eng,English,Suppletion in Imperatives and Hortatives,None (= no suppletive imperatives reported in the reference material),None (= no suppletive imperatives reported in the reference material)
eng,English,Locus of Marking in the Clause,Dependent marking,P is dependent-marked
eng,English,Conjunctions and Universal Quantifiers,"Formally similar, without interrogative","Formally similar, not involving interrogative expression"
eng,English,Comparative Constructions,Particle,Particle Comparative
eng,English,Gender Distinctions in Independent Personal Pronouns,3rd person singular only,Gender distinctions in 3rd person singular only
eng,English (Standard Southern British),Gender Distinctions in Independent Personal Pronouns,3rd person singular only,Gender distinctions in 3rd person singular only
eng,English,Gender Distinctions in Independent Personal Pronouns,3rd person singular only,Gender distinctions in 3rd person singular only
eng,English,Indefinite Articles,Indefinite word distinct from 'one',Indefinite word distinct from numeral for 'one'
eng,English (Standard Southern British),Indefinite Articles,Indefinite word distinct from 'one',Indefinite word distinct from numeral for 'one'
eng,English,Indefinite Articles,Indefinite word distinct from 'one',Indefinite word distinct from numeral for 'one'
eng,English,Politeness Distinctions in Pronouns,No politeness distinction,Second person pronouns encode no politeness distinction
eng,English,Indefinite Pronouns,Generic-noun-based,Generic-noun-based indefinites
eng,English (Standard Southern British),Comparative Constructions,Particle,Particle Comparative
eng,English,Comparative Constructions,Particle,Particle Comparative
eng,English,N-M Pronouns,No N-M pronouns,No N-M pronouns
eng,English (Standard Southern British),N-M Pronouns,No N-M pronouns,No N-M pronouns
eng,English,N-M Pronouns,No N-M pronouns,No N-M pronouns
eng,English,M-T Pronouns,No M-T pronouns,No M-T pronouns
eng,English (Standard Southern British),M-T Pronouns,No M-T pronouns,No M-T pronouns
eng,English,M-T Pronouns,No M-T pronouns,No M-T pronouns
eng,English (Standard Southern British),Indefinite Pronouns,Generic-noun-based,Generic-noun-based indefinites
eng,English,Indefinite Pronouns,Generic-noun-based,Generic-noun-based indefinites
eng,English,Conjunctions and Universal Quantifiers,"Formally similar, without interrogative","Formally similar, not involving interrogative expression"
eng,English,Purpose Clauses,Balanced/deranked,Balanced/deranked
eng,English (Standard Southern British),Purpose Clauses,Balanced/deranked,Balanced/deranked
eng,English,Purpose Clauses,Balanced/deranked,Balanced/deranked
eng,English,Predicative Possession,'Have',Have-Possessive
eng,English (Standard Southern British),Predicative Possession,'Have',Have-Possessive
eng,English,Predicative Possession,'Have',Have-Possessive
eng,English (Standard Southern British),Conjunctions and Universal Quantifiers,"Formally similar, without interrogative","Formally similar, not involving interrogative expression"
eng,English,The Morphological Imperative,No second-person imperatives,The language has no morphologically dedicated second-person imperatives at all
eng,English (Standard Southern British),Suppletion in Imperatives and Hortatives,None (= no suppletive imperatives reported in the reference material),None (= no suppletive imperatives reported in the reference material)
eng,English,Suppletion in Imperatives and Hortatives,None (= no suppletive imperatives reported in the reference material),None (= no suppletive imperatives reported in the reference material)
eng,English,Suppletion According to Tense and Aspect,Tense,Suppletion according to tense
eng,English (Standard Southern British),Nominal and Verbal Conjunction,Identity,Nominal and verbal conjunction are largely identical
eng,English,Nominal and Verbal Conjunction,Identity,Nominal and verbal conjunction are largely identical
eng,English,Rhythm Types,Trochaic,Trochaic: left-hand syllable in the foot is strong
eng,English,Number of Non-Derived Basic Colour Categories,6,6 categories
eng,English,Noun Phrase Conjunction,'And' different from 'with',AND-languages: 'and' and 'with' are not identical
eng,English (Standard Southern British),Noun Phrase Conjunction,'And' different from 'with',AND-languages: 'and' and 'with' are not identical
eng,English,Noun Phrase Conjunction,'And' different from 'with',AND-languages: 'and' and 'with' are not identical
eng,English (Standard Southern British),Rhythm Types,Trochaic,Trochaic: left-hand syllable in the foot is strong
eng,English (Standard Southern British),Number of Non-Derived Basic Colour Categories,6,6 categories
eng,English,Number of Non-Derived Basic Colour Categories,6,6 categories
eng,English,Rhythm Types,Trochaic,Trochaic: left-hand syllable in the foot is strong
eng,English,Passive Constructions,Present,There is a passive construction
eng,English,Green and Blue,Green vs. blue,Green and blue
eng,English,"Genitives, Adjectives and Relative Clauses",Highly differentiated,Highly differentiated
eng,English (Standard Southern British),"Genitives, Adjectives and Relative Clauses",Highly differentiated,Highly differentiated
eng,English,"Genitives, Adjectives and Relative Clauses",Highly differentiated,Highly differentiated
eng,English (Standard Southern British),Green and Blue,Green vs. blue,Green and blue
eng,English,Green and Blue,Green vs. blue,Green and blue
eng,English,Possessive Classification,No possessive classification,No possessive classification
eng,English (Standard Southern British),Possessive Classification,No possessive classification,No possessive classification
eng,English,Possessive Classification,No possessive classification,No possessive classification
eng,English,Number of Possessive Nouns,None reported,None reported
eng,English (Standard Southern British),Number of Possessive Nouns,None reported,None reported
eng,English,Number of Possessive Nouns,None reported,None reported
eng,English,Weight Factors in Weight-Sensitive Stress Systems,Long vowel or coda consonant,Long vowel + Coda: long vowels or closed syllables
eng,English,Obligatory Possessive Inflection,Absent,No obligatorily possessed nouns
eng,English (Standard Southern British),Obligatory Possessive Inflection,Absent,No obligatorily possessed nouns
eng,English,Nominal and Verbal Conjunction,Identity,Nominal and verbal conjunction are largely identical
eng,English (Standard Southern British),Passive Constructions,Present,There is a passive construction
eng,English,Passive Constructions,Present,There is a passive construction
eng,English,Para-Linguistic Usages of Clicks,Affective meanings,Clicks may express affective but not logical meanings
eng,English (Standard Southern British),Suppletion According to Tense and Aspect,Tense,Suppletion according to tense
eng,English,Suppletion According to Tense and Aspect,Tense,Suppletion according to tense
eng,English,Utterance Complement Clauses,Balanced,Balanced
eng,English (Standard Southern British),Utterance Complement Clauses,Balanced,Balanced
eng,English,Utterance Complement Clauses,Balanced,Balanced
eng,English,Epistemic Possibility,Verbal constructions,The language can express epistemic possibility with verbal constructions
eng,English (Standard Southern British),Epistemic Possibility,Verbal constructions,The language can express epistemic possibility with verbal constructions
eng,English,Epistemic Possibility,Verbal constructions,The language can express epistemic possibility with verbal constructions
eng,English,Numeral Bases,Decimal,Decimal
eng,English (Standard Southern British),Numeral Bases,Decimal,Decimal
eng,English,Numeral Bases,Decimal,Decimal
eng,English,Situational Possibility,Verbal constructions,"The language cannot express situational possibility with affixes on verbs, but with verbal constructions"
eng,English (Standard Southern British),Situational Possibility,Verbal constructions,"The language cannot express situational possibility with affixes on verbs, but with verbal constructions"
eng,English (Standard Southern British),Alignment of Case Marking of Full Noun Phrases,Neutral,Neutral
eng,English,Situational Possibility,Verbal constructions,"The language cannot express situational possibility with affixes on verbs, but with verbal constructions"
eng,English,Periphrastic Causative Constructions,Sequential but no purposive,Sequential type but no purposive type
eng,English,Imperative-Hortative Systems,Neither type of system,The language has neither a maximal nor a minimal system
eng,English (Standard Southern British),Imperative-Hortative Systems,Neither type of system,The language has neither a maximal nor a minimal system
eng,English,Imperative-Hortative Systems,Neither type of system,The language has neither a maximal nor a minimal system
eng,English (Standard Southern British),Periphrastic Causative Constructions,Sequential but no purposive,Sequential type but no purposive type
eng,English,Periphrastic Causative Constructions,Sequential but no purposive,Sequential type but no purposive type
eng,English (Standard Southern British),NegSVO Order,No NegSVO,SVO but NegSVO does not occur
eng,English,NegSVO Order,No NegSVO,SVO but NegSVO does not occur
eng,English,Para-Linguistic Usages of Clicks,Affective meanings,Clicks may express affective but not logical meanings
eng,English,The Past Tense,"Present, no remoteness distinctions",Past/non-past distinction marked; no remoteness distinction
eng,English (Standard Southern British),The Past Tense,"Present, no remoteness distinctions",Past/non-past distinction marked; no remoteness distinction
eng,English,The Past Tense,"Present, no remoteness distinctions",Past/non-past distinction marked; no remoteness distinction
eng,English (Standard Southern British),Para-Linguistic Usages of Clicks,Affective meanings,Clicks may express affective but not logical meanings
eng,English,NegSVO Order,No NegSVO,SVO but NegSVO does not occur
eng,English,Alignment of Case Marking of Full Noun Phrases,Neutral,Neutral
eng,English,Nonperiphrastic Causative Constructions,Morphological but no compound,Morphological type but no compound type
eng,English (Standard Southern British),Consonant Inventories,Average,Average
eng,English,Prefixing vs. Suffixing in Inflectional Morphology,Strongly suffixing,Predominantly suffixing
eng,English (Standard Southern British),Prefixing vs. Suffixing in Inflectional Morphology,Strongly suffixing,Predominantly suffixing
eng,English,Prefixing vs. Suffixing in Inflectional Morphology,Strongly suffixing,Predominantly suffixing
eng,English,Consonant-Vowel Ratio,Low,Low
eng,English,Tea,Words derived from Min Nan Chinese te,Words derived from Min Nan Chinese te
eng,English (Standard Southern British),Tea,Words derived from Min Nan Chinese te,Words derived from Min Nan Chinese te
eng,English,Tea,Words derived from Min Nan Chinese te,Words derived from Min Nan Chinese te
eng,English,Reduplication,No productive reduplication,No productive reduplication
eng,English (Standard Southern British),Relativization on Obliques,Relative pronoun,Relative Pronoun Strategy
eng,English,Relativization on Obliques,Relative pronoun,Relative Pronoun Strategy
eng,English,Finger and Hand,Different,"Differentiation: one word denotes 'hand' and another, different word denotes 'finger' (or, very rarely, 'fingers')"
eng,English (Standard Southern British),Finger and Hand,Different,"Differentiation: one word denotes 'hand' and another, different word denotes 'finger' (or, very rarely, 'fingers')"
eng,English,Finger and Hand,Different,"Differentiation: one word denotes 'hand' and another, different word denotes 'finger' (or, very rarely, 'fingers')"
eng,English (Standard Southern British),Reduplication,No productive reduplication,No productive reduplication
eng,English,Reduplication,No productive reduplication,No productive reduplication
eng,English,Reason Clauses,Balanced/deranked,Balanced/deranked
eng,English,Action Nominal Constructions,Mixed,Mixed: Several patterns in the same language
eng,English (Standard Southern British),Action Nominal Constructions,Mixed,Mixed: Several patterns in the same language
eng,English,Relationship between the Order of Object and Verb and the Order of Relative Clause and Noun,VO and NRel,Verb-object and noun-relative clause (VO&NRel)
eng,English (Standard Southern British),Relationship between the Order of Object and Verb and the Order of Relative Clause and Noun,VO and NRel,Verb-object and noun-relative clause (VO&NRel)
eng,English,Relationship between the Order of Object and Verb and the Order of Relative Clause and Noun,VO and NRel,Verb-object and noun-relative clause (VO&NRel)
eng,English,Action Nominal Constructions,Mixed,Mixed: Several patterns in the same language
eng,English (Standard Southern British),Reason Clauses,Balanced/deranked,Balanced/deranked
eng,English,Reason Clauses,Balanced/deranked,Balanced/deranked
eng,English,Postnominal relative clauses,Noun-Relative clause (NRel) dominant,Noun-Relative clause (NRel) dominant
eng,English (Standard Southern British),Postnominal relative clauses,Noun-Relative clause (NRel) dominant,Noun-Relative clause (NRel) dominant
eng,English,Postnominal relative clauses,Noun-Relative clause (NRel) dominant,Noun-Relative clause (NRel) dominant
eng,English,Relativization on Obliques,Relative pronoun,Relative Pronoun Strategy
eng,English,Relationship between the Order of Object and Verb and the Order of Adjective and Noun,VO and AdjN,Verb-object and adjective-noun (VO&AdjN)
eng,English,Nominal and Locational Predication,Identical,Shared (i.e. identical) encoding of nominal and locational predication
eng,English,Nominal and Locational Predication,Identical,Shared (i.e. identical) encoding of nominal and locational predication
eng,English,Red and Yellow,Red vs. yellow,Red and yellow
eng,English,Zero Copula for Predicate Nominals,Impossible,Zero copula is impossible
eng,English (Standard Southern British),Zero Copula for Predicate Nominals,Impossible,Zero copula is impossible
eng,English,Zero Copula for Predicate Nominals,Impossible,Zero copula is impossible
eng,English,Consonant Inventories,Average,Average
eng,English,Comitatives and Instrumentals,Identity,Identity
eng,English,Consonant Inventories,Average,Average
eng,English,Relativization on Subjects,Relative pronoun,Relative pronoun
eng,English,Minor morphological means of signaling negation,,"No negative tone, infix or stem change"
eng,English (Standard Southern British),Minor morphological means of signaling negation,,"No negative tone, infix or stem change"
eng,English,Minor morphological means of signaling negation,,"No negative tone, infix or stem change"
eng,English,Predicative Adjectives,Nonverbal encoding,Predicative adjectives have nonverbal encoding
eng,English,Position of Polar Question Particles,No question particle,No question particle
eng,English (Standard Southern British),Position of Polar Question Particles,No question particle,No question particle
eng,English,Position of Polar Question Particles,No question particle,No question particle
eng,English (Standard Southern British),Predicative Adjectives,Nonverbal encoding,Predicative adjectives have nonverbal encoding
eng,English,Position of Tense-Aspect Affixes,Tense-aspect suffixes,Tense-aspect suffixes
eng,English (Standard Southern British),Position of Tense-Aspect Affixes,Tense-aspect suffixes,Tense-aspect suffixes
eng,English,Position of Tense-Aspect Affixes,Tense-aspect suffixes,Tense-aspect suffixes
eng,English,Predicative Adjectives,Nonverbal encoding,Predicative adjectives have nonverbal encoding
eng,English (Standard Southern British),Relativization on Subjects,Relative pronoun,Relative pronoun
eng,English,Relativization on Subjects,Relative pronoun,Relative pronoun
eng,English,Position of Pronominal Possessive Affixes,No possessive affixes,No possessive affixes
eng,English (Standard Southern British),Position of Pronominal Possessive Affixes,No possessive affixes,No possessive affixes
eng,English,Position of Pronominal Possessive Affixes,No possessive affixes,No possessive affixes
eng,English,Consonant-Vowel Ratio,Low,Low
eng,English (Standard Southern British),Consonant-Vowel Ratio,Low,Low
eng,English (Standard Southern British),Nominal and Locational Predication,Identical,Shared (i.e. identical) encoding of nominal and locational predication
eng,English,Inflectional Synthesis of the Verb,2-3 categories per word,2-3 categories per word
eng,English (Standard Southern British),Relationship between the Order of Object and Verb and the Order of Adjective and Noun,VO and AdjN,Verb-object and adjective-noun (VO&AdjN)
eng,English (Standard Southern British),Order of Relative Clause and Noun,Noun-Relative clause,Relative clause follows noun (NRel)
eng,English,The Velar Nasal,No initial velar nasal,"Velar nasal, but not initially"
eng,English,Absence of Common Consonants,All present,All present
eng,English (Standard Southern British),Absence of Common Consonants,All present,All present
eng,English,Absence of Common Consonants,All present,All present
eng,English,Negative Indefinite Pronouns and Predicate Negation,Mixed behaviour,Negative indefinites show mixed behaviour
eng,English (Standard Southern British),Negative Indefinite Pronouns and Predicate Negation,Mixed behaviour,Negative indefinites show mixed behaviour
eng,English,Front Rounded Vowels,,
eng,English (Standard Southern British),Front Rounded Vowels,,
eng,English,Front Rounded Vowels,,
eng,English,Negative Indefinite Pronouns and Predicate Negation,Mixed behaviour,Negative indefinites show mixed behaviour
eng,English,Number of Basic Colour Categories,11,More than 10 categories
eng,English,Vowel Nasalization,Contrast absent,Contrastive nasal vowels absent
eng,English (Standard Southern British),Vowel Nasalization,Contrast absent,Contrastive nasal vowels absent
eng,English,Vowel Nasalization,Contrast absent,Contrastive nasal vowels absent
eng,English (Standard Southern British),Number of Basic Colour Categories,11,More than 10 categories
eng,English,Number of Basic Colour Categories,11,More than 10 categories
eng,English,Lateral Consonants,"/l/, no obstruent laterals","/l/, no obstruent laterals"
eng,English (Standard Southern British),Lateral Consonants,"/l/, no obstruent laterals","/l/, no obstruent laterals"
eng,English,Lateral Consonants,"/l/, no obstruent laterals","/l/, no obstruent laterals"
eng,English,Third Person Pronouns and Demonstratives,Related for all demonstratives,Third person pronouns and demonstratives are related to all demonstratives
eng,English (Standard Southern British),Third Person Pronouns and Demonstratives,Related for all demonstratives,Third person pronouns and demonstratives are related to all demonstratives
eng,English,Third Person Pronouns and Demonstratives,Related for all demonstratives,Third person pronouns and demonstratives are related to all demonstratives
eng,English,Voicing and Gaps in Plosive Systems,None missing in /p t k b d g/,/p t k b d g/
eng,English (Standard Southern British),Voicing and Gaps in Plosive Systems,None missing in /p t k b d g/,/p t k b d g/
eng,English,Voicing and Gaps in Plosive Systems,None missing in /p t k b d g/,/p t k b d g/
eng,English,The Prohibitive,Normal imperative + normal negative,The prohibitive uses the verbal construction of the second singular imperative and a sentential negative strategy found in (indicative) declaratives
eng,English (Standard Southern British),The Prohibitive,Normal imperative + normal negative,The prohibitive uses the verbal construction of the second singular imperative and a sentential negative strategy found in (indicative) declaratives
eng,English,The Perfect,From possessive,Perfect of the 'have'-type (derived from a possessive construction)
eng,English,Order of Relative Clause and Noun,Noun-Relative clause,Relative clause follows noun (NRel)
eng,English (Standard Southern British),The Velar Nasal,No initial velar nasal,"Velar nasal, but not initially"
eng,English (Standard Southern British),Coding of Nominal Plurality,Plural suffix,Plural suffix
eng,English,Order of Relative Clause and Noun,Noun-Relative clause,Relative clause follows noun (NRel)
eng,English,Polar Questions,Interrogative word order,Interrogative word order
eng,English (Standard Southern British),Polar Questions,Interrogative word order,Interrogative word order
eng,English,Order of Object and Verb,VO,Object follows verb (VO)
eng,English (Standard Southern British),Order of Object and Verb,VO,Object follows verb (VO)
eng,English,Order of Object and Verb,VO,Object follows verb (VO)
eng,English,Relationship between the Order of Object and Verb and the Order of Adjective and Noun,VO and AdjN,Verb-object and adjective-noun (VO&AdjN)
eng,English,Polar Questions,Interrogative word order,Interrogative word order
eng,English,'When' Clauses,Balanced/deranked,Balanced/deranked
eng,English,Order of Subject and Verb,SV,Subject precedes verb (SV)
eng,English (Standard Southern British),Order of Subject and Verb,SV,Subject precedes verb (SV)
eng,English,Order of Subject and Verb,SV,Subject precedes verb (SV)
eng,English (Standard Southern British),'When' Clauses,Balanced/deranked,Balanced/deranked
eng,English,Case Syncretism,Core cases only,Inflectional case marking is syncretic for core cases only
eng,English,"Order of Subject, Object and Verb",SVO,Subject-verb-object (SVO)
eng,English (Standard Southern British),"Order of Subject, Object and Verb",SVO,Subject-verb-object (SVO)
eng,English,"Order of Subject, Object and Verb",SVO,Subject-verb-object (SVO)
eng,English,'When' Clauses,Balanced/deranked,Balanced/deranked
eng,English (Standard Southern British),Case Syncretism,Core cases only,Inflectional case marking is syncretic for core cases only
eng,English,Case Syncretism,Core cases only,Inflectional case marking is syncretic for core cases only
eng,English,Numeral Classifiers,Absent,Numeral classifiers are absent
eng,English (Standard Southern British),Numeral Classifiers,Absent,Numeral classifiers are absent
eng,English,Numeral Classifiers,Absent,Numeral classifiers are absent
eng,English,The Velar Nasal,No initial velar nasal,"Velar nasal, but not initially"
eng,English,The Perfect,From possessive,Perfect of the 'have'-type (derived from a possessive construction)
eng,English (Standard Southern British),The Perfect,From possessive,Perfect of the 'have'-type (derived from a possessive construction)
eng,English,Coding of Nominal Plurality,Plural suffix,Plural suffix
eng,English,Coding of Nominal Plurality,Plural suffix,Plural suffix
eng,English,Glottalized Consonants,No glottalized consonants,No glottalized consonants
eng,English,Politeness Distinctions in Pronouns,No politeness distinction,Second person pronouns encode no politeness distinction
eng,English,Glottalized Consonants,No glottalized consonants,No glottalized consonants
eng,English,"Order of Object, Oblique, and Verb",VOX,Verb-object-oblique (VOX)
eng,English,Asymmetrical Case-Marking,Additive-quantitatively asymmetrical,Additive-quantitatively asymmetrical case-marking
eng,English (Standard Southern British),Asymmetrical Case-Marking,Additive-quantitatively asymmetrical,Additive-quantitatively asymmetrical case-marking
eng,English,Coding of Evidentiality,No grammatical evidentials,No grammatical evidentials
eng,English (Standard Southern British),Coding of Evidentiality,No grammatical evidentials,No grammatical evidentials
eng,English,Coding of Evidentiality,No grammatical evidentials,No grammatical evidentials
eng,English,Asymmetrical Case-Marking,Additive-quantitatively asymmetrical,Additive-quantitatively asymmetrical case-marking
eng,English,Adjectives without Nouns,Marked by following word,"Adjective may occur without noun, obligatorily marked by following word"
eng,English,Semantic Distinctions of Evidentiality,No grammatical evidentials,No grammatical evidentials
eng,English (Standard Southern British),Semantic Distinctions of Evidentiality,No grammatical evidentials,No grammatical evidentials
eng,English,Semantic Distinctions of Evidentiality,No grammatical evidentials,No grammatical evidentials
eng,English (Standard Southern British),Adjectives without Nouns,Marked by following word,"Adjective may occur without noun, obligatorily marked by following word"
eng,English,Adjectives without Nouns,Marked by following word,"Adjective may occur without noun, obligatorily marked by following word"
eng,English (Standard Southern British),"Order of Object, Oblique, and Verb",VOX,Verb-object-oblique (VOX)
eng,English (Standard Southern British),Order of Adjective and Noun,Adjective-Noun,Modifying adjective precedes noun (AdjN)
eng,English,M in First Person Singular,m in first person singular,m in first person singular
eng,English,The Future Tense,No inflectional future,No inflectional marking of future/non-future distinction
eng,English (Standard Southern British),The Future Tense,No inflectional future,No inflectional marking of future/non-future distinction
eng,English,The Future Tense,No inflectional future,No inflectional marking of future/non-future distinction
eng,English,Perfective/Imperfective Aspect,No grammatical marking,No grammatical marking of perfective/imperfective distinction
eng,English (Standard Southern British),Perfective/Imperfective Aspect,No grammatical marking,No grammatical marking of perfective/imperfective distinction
eng,English,Perfective/Imperfective Aspect,No grammatical marking,No grammatical marking of perfective/imperfective distinction
eng,English (Standard Southern British),Glottalized Consonants,No glottalized consonants,No glottalized consonants
eng,English (Standard Southern British),Position of Case Affixes,No case affixes or adpositional clitics,Neither case affixes nor adpositional clitics
eng,English,Position of Case Affixes,No case affixes or adpositional clitics,Neither case affixes nor adpositional clitics
eng,English (Standard Southern British),M in First Person Singular,m in first person singular,m in first person singular
eng,English,M in First Person Singular,m in first person singular,m in first person singular
eng,English,Person Marking on Adpositions,No person marking,Adpositions without person marking
eng,English,Order of Adjective and Noun,Adjective-Noun,Modifying adjective precedes noun (AdjN)
eng,English (Standard Southern British),Person Marking on Adpositions,No person marking,Adpositions without person marking
eng,English,"Order of Object, Oblique, and Verb",VOX,Verb-object-oblique (VOX)
eng,English (Standard Southern British),Order of Adposition and Noun Phrase,Prepositions,Prepositions
eng,English,Relationship between the Order of Object and Verb and the Order of Adposition and Noun Phrase,VO and Prepositions,Verb-object and prepositional (VO&Prep)
eng,English (Standard Southern British),Relationship between the Order of Object and Verb and the Order of Adposition and Noun Phrase,VO and Prepositions,Verb-object and prepositional (VO&Prep)
eng,English,Relationship between the Order of Object and Verb and the Order of Adposition and Noun Phrase,VO and Prepositions,Verb-object and prepositional (VO&Prep)
eng,English (Standard Southern British),Comitatives and Instrumentals,Identity,Identity
eng,English,Comitatives and Instrumentals,Identity,Identity
eng,English,Order of Adverbial Subordinator and Clause,Initial subordinator word,Adverbial subordinators which are separate words and which appear at the beginning of the subordinate clause
eng,English (Standard Southern British),Order of Adverbial Subordinator and Clause,Initial subordinator word,Adverbial subordinators which are separate words and which appear at the beginning of the subordinate clause
eng,English,Order of Adverbial Subordinator and Clause,Initial subordinator word,Adverbial subordinators which are separate words and which appear at the beginning of the subordinate clause
eng,English,Ordinal Numerals,"First, second, three-th",Second: 'First' and a small set of consecutive higher ordinal numerals are suppletive
eng,English (Standard Southern British),Ordinal Numerals,"First, second, three-th",Second: 'First' and a small set of consecutive higher ordinal numerals are suppletive
eng,English,Position of Interrogative Phrases in Content Questions,Initial interrogative phrase,Interrogative phrases obligatorily initial
eng,English (Standard Southern British),Position of Interrogative Phrases in Content Questions,Initial interrogative phrase,Interrogative phrases obligatorily initial
eng,English,Position of Interrogative Phrases in Content Questions,Initial interrogative phrase,Interrogative phrases obligatorily initial
eng,English,Order of Adposition and Noun Phrase,Prepositions,Prepositions
eng,English,Ordinal Numerals,"First, second, three-th",Second: 'First' and a small set of consecutive higher ordinal numerals are suppletive
eng,English (Standard Southern British),Order of Degree Word and Adjective,Degree word-Adjective,Degree word precedes adjective (DegAdj)
eng,English,Order of Degree Word and Adjective,Degree word-Adjective,Degree word precedes adjective (DegAdj)
eng,English,Uvular Consonants,,No uvulars
eng,English (Standard Southern British),Uvular Consonants,,No uvulars
eng,English,Uvular Consonants,,No uvulars
eng,English,Order of Demonstrative and Noun,Demonstrative-Noun,Demonstrative word precedes noun (DemN)
eng,English (Standard Southern British),Order of Demonstrative and Noun,Demonstrative-Noun,Demonstrative word precedes noun (DemN)
eng,English,Order of Demonstrative and Noun,Demonstrative-Noun,Demonstrative word precedes noun (DemN)
eng,English,Order of Genitive and Noun,No dominant order,Both orders occur with neither order dominant
eng,English (Standard Southern British),Order of Genitive and Noun,No dominant order,Both orders occur with neither order dominant
eng,English,Order of Genitive and Noun,No dominant order,Both orders occur with neither order dominant
eng,English,Order of Adjective and Noun,Adjective-Noun,Modifying adjective precedes noun (AdjN)
eng,English,Order of Adposition and Noun Phrase,Prepositions,Prepositions
eng,English,Order of Degree Word and Adjective,Degree word-Adjective,Degree word precedes adjective (DegAdj)
eng,English,Person Marking on Adpositions,No person marking,Adpositions without person marking
eng,English,Position of Case Affixes,No case affixes or adpositional clitics,Neither case affixes nor adpositional clitics
eng,English,Syllable Structure,Complex,Complex syllable structure
eng,English,Vowel Quality Inventories,Large (7-14),Large vowel inventory (7-14)
eng,English (Standard Southern British),Intensifiers and Reflexive Pronouns,Identical,Intensifiers and reflexive pronouns are formally identical
eng,English,Fusion of Selected Inflectional Formatives,Exclusively concatenative,Exclusively concatenative
eng,English,Syncretism in Verbal Person/Number Marking,Syncretic,Subject person/number marking is syncretic
eng,English (Standard Southern British),Syncretism in Verbal Person/Number Marking,Syncretic,Subject person/number marking is syncretic
eng,English,Syncretism in Verbal Person/Number Marking,Syncretic,Subject person/number marking is syncretic
eng,English,Red and Yellow,Red vs. yellow,Red and yellow
eng,English,Locus of Marking in Possessive Noun Phrases,Dependent marking,Possessor is dependent-marked
eng,English,Fusion of Selected Inflectional Formatives,Exclusively concatenative,Exclusively concatenative
eng,English,Exponence of Tense-Aspect-Mood Inflection,monoexponential TAM,monoexponential TAM
eng,English,Exponence of Tense-Aspect-Mood Inflection,monoexponential TAM,monoexponential TAM
eng,English,Exponence of Selected Inflectional Formatives,No case,No case
eng,English (Standard Southern British),Exponence of Selected Inflectional Formatives,No case,No case
eng,English,Exponence of Selected Inflectional Formatives,No case,No case
eng,English,Syllable Structure,Complex,Complex syllable structure
eng,English (Standard Southern British),Syllable Structure,Complex,Complex syllable structure
eng,English,Inclusive/Exclusive Distinction in Verbal Inflection,'We' the same as 'I','We' and 'I' identical
eng,English,Intensifiers and Reflexive Pronouns,Identical,Intensifiers and reflexive pronouns are formally identical
eng,English (Standard Southern British),Exponence of Tense-Aspect-Mood Inflection,monoexponential TAM,monoexponential TAM
eng,English,Intensifiers and Reflexive Pronouns,Identical,Intensifiers and reflexive pronouns are formally identical
eng,English,Plurality in Independent Personal Pronouns,Person-number stem,Person-number stem
eng,English,Plurality in Independent Personal Pronouns,Person-number stem,Person-number stem
eng,English,Distributive Numerals,No distributive numerals,No distributive numerals
eng,English (Standard Southern British),Inclusive/Exclusive Distinction in Verbal Inflection,'We' the same as 'I','We' and 'I' identical
eng,English,Inclusive/Exclusive Distinction in Verbal Inflection,'We' the same as 'I','We' and 'I' identical
eng,English,Locus of Marking in Possessive Noun Phrases,Dependent marking,Possessor is dependent-marked
eng,English (Standard Southern British),Locus of Marking in Possessive Noun Phrases,Dependent marking,Possessor is dependent-marked
eng,English,Vowel Quality Inventories,Large (7-14),Large vowel inventory (7-14)
eng,English (Standard Southern British),Plurality in Independent Personal Pronouns,Person-number stem,Person-number stem
eng,English,Inclusive/Exclusive Distinction in Independent Pronouns,No inclusive/exclusive,No inclusive/exclusive opposition
eng,English (Standard Southern British),Inflectional Synthesis of the Verb,2-3 categories per word,2-3 categories per word
eng,English,Inclusive/Exclusive Distinction in Independent Pronouns,No inclusive/exclusive,No inclusive/exclusive opposition
eng,English (Standard Southern British),Vowel Quality Inventories,Large (7-14),Large vowel inventory (7-14)
eng,English,Inflectional Synthesis of the Verb,2-3 categories per word,2-3 categories per word
eng,English (Standard Southern British),Red and Yellow,Red vs. yellow,Red and yellow
eng,English (Standard Southern British),Distributive Numerals,No distributive numerals,No distributive numerals
eng,English,Distributive Numerals,No distributive numerals,No distributive numerals
eng,English (Standard Southern British),Inclusive/Exclusive Distinction in Independent Pronouns,No inclusive/exclusive,No inclusive/exclusive opposition
eng,English (Standard Southern British),Fusion of Selected Inflectional Formatives,Exclusively concatenative,Exclusively concatenative
ger,,Number of Cases,4 cases,4 case categories
ger,,The Velar Nasal,No initial velar nasal,"Velar nasal, but not initially"
ger,,"Position of Negative Word With Respect to Subject, Object, and Verb",More than one position,"More than one position for negative morpheme, with none dominant"
ger,,The Position of Negative Morphemes in SVO Languages,More than one construction,More than one negative construction
ger,,"Order of Object, Oblique, and Verb",No dominant order,More than one order with none dominant
ger,,Numeral Bases,Decimal,Decimal
ger,,Front Rounded Vowels,High and mid,High and mid
ger,,Relationship between the Order of Object and Verb and the Order of Relative Clause and Noun,Other,Languages not falling into one of the preceding four types
ger,,Order of Negative Morpheme and Verb,Type 1 / Type 2,Type 1 / Type 2
ger,,Consonant-Vowel Ratio,Low,Low
ger,,SONegV Order,Word&NoDoubleNeg,"Separate word, no double negation"
ger,,Order of Genitive and Noun,Noun-Genitive,Noun-genitive (NGen)
ger,,Comitatives and Instrumentals,Identity,Identity
ger,,Relationship between the Order of Object and Verb and the Order of Adposition and Noun Phrase,Other,Languages not falling into one of the preceding four types
ger,,The Morphological Imperative,Second singular,The language has morphologically dedicated second singular imperatives but no morphologically dedicated second plural imperatives
ger,,Order of Numeral and Noun,Numeral-Noun,Numeral precedes noun (NumN)
ger,,Third Person Pronouns and Demonstratives,Related by gender markers,Third person pronouns and demonstratives are related by gender markers
ger,,Consonant Inventories,Average,Average
ger,,Red and Yellow,Red vs. yellow,Red and yellow
ger,,The Associative Plural,Unique periphrastic associative plural,Special non-bound associative plural marker
ger,,"Order of Subject, Object and Verb",No dominant order,Lacking a dominant word order
ger,,Reduplication,No productive reduplication,No productive reduplication
ger,,M in Second Person Singular,No m in second person singular,No m in second person singular
ger,,Position of negative words relative to beginning and end of clause and with respect to adjacency to verb,"End, not immed postverbal","At end of clause, separated from verb"
ger,,Passive Constructions,Present,There is a passive construction
ger,,'When' Clauses,Balanced/deranked,Balanced/deranked
ger,,Order of Adjective and Noun,Adjective-Noun,Modifying adjective precedes noun (AdjN)
ger,,The Optative,Inflectional optative absent,Inflectional optative absent
ger,,Reason Clauses,Balanced,Balanced
ger,,'Want' Complement Subjects,Subject is left implicit,The complement subject is left implicit
ger,,Order of Person Markers on the Verb,A and P do not or do not both occur on the verb,A and P do not or do not both occur on the verb
ger,,NegSVO Order,No NegSVO,SVO but NegSVO does not occur
ger,,Symmetric and Asymmetric Standard Negation,Symmetric,Symmetric standard negation only: Type Sym
ger,,Vowel Quality Inventories,Large (7-14),Large vowel inventory (7-14)
ger,,SOVNeg Order,NoSOVNeg,"SOV, but SOVNeg does not occur"
ger,,Expression of Pronominal Subjects,Obligatory pronouns in subject position,Pronominal subjects are expressed by pronouns in subject position that are normally if not obligatorily present
ger,,Rhythm Types,Trochaic,Trochaic: left-hand syllable in the foot is strong
ger,,Systems of Gender Assignment,Semantic and formal,Semantic and formal assignment
ger,,Distributive Numerals,Marked by preceding word,Marked by preceding word
ger,,SNegVO Order,No SNegVO,"SVO, but SNegVO does not occur"
ger,,Locus of Marking in Possessive Noun Phrases,Dependent marking,Possessor is dependent-marked
ger,,Asymmetrical Case-Marking,Syncretism in relevant NP-types,Syncretism in relevant NP-types
ger,,Order of Object and Verb,No dominant order,Both orders with neither order dominant
ger,,Ordinal Numerals,"First, two-th, three-th","Two-th: Two-th: Ordinal numerals from 'two' upwards are derived from cardinal numerals, 'first' is suppletive"
ger,,Multiple Negative Constructions in SOV Languages,SONegV/SVONeg,SONegV/SVONeg
ger,,Subtypes of Asymmetric Standard Negation,Non-assignable,Non-assignable (no asymmetry found)
ger,,Order of Degree Word and Adjective,Degree word-Adjective,Degree word precedes adjective (DegAdj)
ger,,Order of Demonstrative and Noun,Demonstrative-Noun,Demonstrative word precedes noun (DemN)
ger,,Order of Adposition and Noun Phrase,Prepositions,Prepositions
ger,,Case Syncretism,Core and non-core,Inflectional case marking is syncretic for core and non-core cases
ger,,The Future Tense,No inflectional future,No inflectional marking of future/non-future distinction
ger,,"Languages with two Dominant Orders of Subject, Object, and Verb",SOV or SVO,SOV or SVO
ger,,Position of Interrogative Phrases in Content Questions,Initial interrogative phrase,Interrogative phrases obligatorily initial
ger,,Perfective/Imperfective Aspect,No grammatical marking,No grammatical marking of perfective/imperfective distinction
ger,,Inclusive/Exclusive Distinction in Independent Pronouns,No inclusive/exclusive,No inclusive/exclusive opposition
ger,,Plurality in Independent Personal Pronouns,Person-number stem,Person-number stem
ger,,Syncretism in Verbal Person/Number Marking,Syncretic,Subject person/number marking is syncretic
ger,,Exponence of Tense-Aspect-Mood Inflection,monoexponential TAM,monoexponential TAM
ger,,M in First Person Singular,m in first person singular,m in first person singular
ger,,Fusion of Selected Inflectional Formatives,Exclusively concatenative,Exclusively concatenative
ger,,Person Marking on Adpositions,No person marking,Adpositions without person marking
ger,,Presence of Uncommon Consonants,,
ger,,Order of Adverbial Subordinator and Clause,Initial subordinator word,Adverbial subordinators which are separate words and which appear at the beginning of the subordinate clause
ger,,Relationship between the Order of Object and Verb and the Order of Adjective and Noun,Other,Languages not falling into one of the preceding four types
ger,,Verbal Person Marking,Only the A argument,Person marking of only the A argument
ger,,Fixed Stress Locations,No fixed stress,No fixed stress (mostly weight-sensitive stress)
ger,,Politeness Distinctions in Pronouns,Binary politeness distinction,Second person pronouns encode a binary politeness distinction
ger,,Tone,No tones,No tones
ger,,Voicing in Plosives and Fricatives,In both plosives and fricatives,Voicing contrast in both plosives and fricatives
ger,,Applicative Constructions,No applicative construction,No applicative construction
ger,,Overlap between Situational and Epistemic Modal Marking,Overlap for both possibility and necessity,"The language has markers that can code both situational and epistemic modality, both for possibility and necessity"
ger,,SVNegO Order,No SVNegO,"SVO, but SVNegO does not occur"
ger,,Other Roles of Applied Objects,No applicative construction,No applicative construction
ger,,Hand and Arm,Different,"Differentiation: one word denotes 'hand' and another, different word denotes 'arm'"
ger,,Gender Distinctions in Independent Personal Pronouns,3rd person singular only,Gender distinctions in 3rd person singular only
ger,,Weight-Sensitive Stress,Right-oriented: One of the last three,Right-oriented: The antepenultimate is involved
ger,,Nonperiphrastic Causative Constructions,Morphological but no compound,Morphological type but no compound type
ger,,Alignment of Verbal Person Marking,Accusative,Accusative alignment
ger,,Preverbal Negative Morphemes,NegV,Preverbal negative word
ger,,Syllable Structure,Complex,Complex syllable structure
ger,,Indefinite Pronouns,Mixed,Mixed indefinites
ger,,Glottalized Consonants,No glottalized consonants,No glottalized consonants
ger,,M-T Pronouns,"M-T pronouns, paradigmatic","M-T pronouns, paradigmatic"
ger,,Order of Subject and Verb,SV,Subject precedes verb (SV)
ger,,Polar Questions,Interrogative word order,Interrogative word order
ger,,Uvular Consonants,Uvular continuants only,Uvular continuants only
ger,,Numeral Classifiers,Absent,Numeral classifiers are absent
ger,,Coding of Nominal Plurality,Plural suffix,Plural suffix
ger,,Order of Relative Clause and Noun,Noun-Relative clause,Relative clause follows noun (NRel)
ger,,Absence of Common Consonants,All present,All present
ger,,Vowel Nasalization,Contrast absent,Contrastive nasal vowels absent
ger,,Lateral Consonants,"/l/, no obstruent laterals","/l/, no obstruent laterals"
ger,,Voicing and Gaps in Plosive Systems,None missing in /p t k b d g/,/p t k b d g/
ger,,Number of Basic Colour Categories,11,More than 10 categories
ger,,Coding of Evidentiality,Modal morpheme,Modal morpheme
ger,,Distance Contrasts in Demonstratives,No distance contrast,No distance contrast
ger,,The Perfect,From possessive,Perfect of the 'have'-type (derived from a possessive construction)
ger,,Exponence of Selected Inflectional Formatives,Case + number,Case + number
ger,,Postnominal relative clauses,Noun-Relative clause (NRel) dominant,Noun-Relative clause (NRel) dominant
ger,,Negative Indefinite Pronouns and Predicate Negation,No predicate negation,Negative indefinites preclude predicate negation
ger,,Inflectional Synthesis of the Verb,2-3 categories per word,2-3 categories per word
ger,,SNegOV Order,No SNegOV,SOV but SNegOV does not occur
ger,,NegSOV Order,No NegSOV,SOV but NegSOV does not occur
ger,,Postverbal Negative Morphemes,VNeg,Postverbal negative word
ger,,Minor morphological means of signaling negation,,"No negative tone, infix or stem change"
ger,,Reciprocal Constructions,Mixed,There are both reflexive and non-reflexive reciprocal constructions.
ger,,Position of Polar Question Particles,No question particle,No question particle
ger,,Position of Tense-Aspect Affixes,Tense-aspect suffixes,Tense-aspect suffixes
ger,,Position of Pronominal Possessive Affixes,No possessive affixes,No possessive affixes
ger,,Position of Case Affixes,Case suffixes,Case suffixes
ger,,Prefixing vs. Suffixing in Inflectional Morphology,Strongly suffixing,Predominantly suffixing
ger,,Relativization on Subjects,Relative pronoun,Relative pronoun
ger,,Tea,Words derived from Min Nan Chinese te,Words derived from Min Nan Chinese te
ger,,Finger and Hand,Different,"Differentiation: one word denotes 'hand' and another, different word denotes 'finger' (or, very rarely, 'fingers')"
ger,,Relativization on Obliques,Relative pronoun,Relative Pronoun Strategy
ger,,Zero Marking of A and P Arguments,Non-zero marking,Non-zero marking
ger,,Alignment of Case Marking of Pronouns,Nominative - accusative (standard),Nominative - accusative (standard)
ger,,Negative Morphemes,Negative particle,Negative particle
ger,,The Prohibitive,Normal imperative + normal negative,The prohibitive uses the verbal construction of the second singular imperative and a sentential negative strategy found in (indicative) declaratives
ger,,Locus of Marking: Whole-language Typology,Dependent-marking,Consistently dependent-marking
ger,,Pronominal and Adnominal Demonstratives,Identical,Same forms
ger,,Intensifiers and Reflexive Pronouns,Differentiated,Intensifiers and reflexive pronouns are formally differentiated
ger,,Green and Blue,Green vs. blue,Green and blue
ger,,Para-Linguistic Usages of Clicks,Affective meanings,Clicks may express affective but not logical meanings
ger,,Action Nominal Constructions,Ergative-Possessive,"Ergative-Possessive: S/P treated as possessors, A treated differently"
ger,,Obligatory Possessive Inflection,Absent,No obligatorily possessed nouns
ger,,Multiple Negative Constructions in SVO Languages,SVONeg/SONegV,SVONeg/SONegV
ger,,Locus of Marking in the Clause,Dependent marking,P is dependent-marked
ger,,Imperative-Hortative Systems,Neither type of system,The language has neither a maximal nor a minimal system
ger,,Epistemic Possibility,Verbal constructions,The language can express epistemic possibility with verbal constructions
ger,,Third Person Zero of Verbal Person Marking,No zero realization,No zero realization of third person S forms
ger,,Verbal Number and Suppletion,,No singular-(dual)-plural pairs/triples
ger,,Semantic Distinctions of Evidentiality,Indirect only,Only indirect evidentials
ger,,Number of Possessive Nouns,None reported,None reported
ger,,Number of Non-Derived Basic Colour Categories,6,6 categories
ger,,Suppletion According to Tense and Aspect,Tense,Suppletion according to tense
ger,,Suppletion in Imperatives and Hortatives,None (= no suppletive imperatives reported in the reference material),None (= no suppletive imperatives reported in the reference material)
ger,,Nominal and Verbal Conjunction,Identity,Nominal and verbal conjunction are largely identical
ger,,Ditransitive Constructions: The Verb 'Give',Indirect-object construction,Indirect-object construction
ger,,Situational Possibility,Verbal constructions,"The language cannot express situational possibility with affixes on verbs, but with verbal constructions"
ger,,The Position of Negative Morphemes in SOV Languages,More than one construction,More than one negative construction
ger,,N-M Pronouns,No N-M pronouns,No N-M pronouns
ger,,Purpose Clauses,Balanced/deranked,Balanced/deranked
ger,,Sex-based and Non-sex-based Gender Systems,Sex-based,Sex-based gender system
ger,,Weight Factors in Weight-Sensitive Stress Systems,Coda consonant,Coda consonant: closed syllables are heavy for stress
ger,,Occurrence of Nominal Plurality,"All nouns, always obligatory","Plural in all nouns, always obligatory"
ger,,Definite Articles,Definite word distinct from demonstrative,Definite word distinct from demonstrative
ger,,Number of Genders,Three,Three
ger,,Alignment of Case Marking of Full Noun Phrases,Nominative - accusative (standard),Nominative - accusative (standard)
ger,,Indefinite Articles,Indefinite word same as 'one',Numeral for 'one' is used as indefinite article
ger,,Inclusive/Exclusive Distinction in Verbal Inflection,No inclusive/exclusive,No inclusive/exclusive opposition
ger,,Periphrastic Causative Constructions,Sequential but no purposive,Sequential type but no purposive type
ger,,SVONeg Order,NoDoubleNeg,"Separate word, no double negation"
ger,,Productivity of the Antipassive Construction,no antipassive,no antipassive
ger,,Antipassive Constructions,No antipassive,No antipassive
ger,,The Past Tense,"Present, no remoteness distinctions",Past/non-past distinction marked; no remoteness distinction
ger,,Possessive Classification,No possessive classification,No possessive classification
rus,Russian,Weight-Sensitive Stress,Unbounded: Stress can be anywhere,Unbounded: Stress can be anywhere in the word
rus,Russian,Weight-Sensitive Stress,Unbounded: Stress can be anywhere,Unbounded: Stress can be anywhere in the word
rus,Russian,Locus of Marking: Whole-language Typology,Dependent-marking,Consistently dependent-marking
rus,Russian,Passive Constructions,Present,There is a passive construction
rus,Russian,Symmetric and Asymmetric Standard Negation,Symmetric,Symmetric standard negation only: Type Sym
rus,Russian,Relativization on Subjects,Relative pronoun,Relative pronoun
rus,Russian,Relativization on Subjects,Relative pronoun,Relative pronoun
rus,Russian,Exponence of Selected Inflectional Formatives,Case + number,Case + number
rus,Russian,Reason Clauses,Balanced/deranked,Balanced/deranked
rus,Russian,Number of Basic Colour Categories,11,More than 10 categories
rus,Russian,Number of Basic Colour Categories,11,More than 10 categories
rus,Russian,Comparative Constructions,Particle,Particle Comparative
rus,Russian,Comparative Constructions,Particle,Particle Comparative
rus,Russian,Rhythm Types,No rhythmic stress,Absent: no rhythmic stress
rus,Russian,Rhythm Types,No rhythmic stress,Absent: no rhythmic stress
rus,Russian,Locus of Marking in the Clause,Dependent marking,P is dependent-marked
rus,Russian,Locus of Marking in the Clause,Dependent marking,P is dependent-marked
rus,Russian,'When' Clauses,Balanced/deranked,Balanced/deranked
rus,Russian,Subtypes of Asymmetric Standard Negation,Non-assignable,Non-assignable (no asymmetry found)
rus,Russian,M-T Pronouns,"M-T pronouns, paradigmatic","M-T pronouns, paradigmatic"
rus,Russian,'When' Clauses,Balanced/deranked,Balanced/deranked
rus,Russian,Subtypes of Asymmetric Standard Negation,Non-assignable,Non-assignable (no asymmetry found)
rus,Russian,M-T Pronouns,"M-T pronouns, paradigmatic","M-T pronouns, paradigmatic"
rus,Russian,Exponence of Selected Inflectional Formatives,Case + number,Case + number
rus,Russian,Reason Clauses,Balanced/deranked,Balanced/deranked
rus,Russian,Relativization on Obliques,Relative pronoun,Relative Pronoun Strategy
rus,Russian,Relativization on Obliques,Relative pronoun,Relative Pronoun Strategy
rus,Russian,Locus of Marking: Whole-language Typology,Dependent-marking,Consistently dependent-marking
rus,Russian,Symmetric and Asymmetric Standard Negation,Symmetric,Symmetric standard negation only: Type Sym
rus,Russian,Reciprocal Constructions,Mixed,There are both reflexive and non-reflexive reciprocal constructions.
rus,Russian,Alignment of Case Marking of Pronouns,Nominative - accusative (standard),Nominative - accusative (standard)
rus,Russian,Passive Constructions,Present,There is a passive construction
rus,Russian,Asymmetrical Case-Marking,Syncretism in relevant NP-types,Syncretism in relevant NP-types
rus,Russian,Overlap between Situational and Epistemic Modal Marking,Overlap for both possibility and necessity,"The language has markers that can code both situational and epistemic modality, both for possibility and necessity"
rus,Russian,Plurality in Independent Personal Pronouns,Person-number stem + nominal plural affix,Person-number stem with a nominal plural affix
rus,Russian,Overlap between Situational and Epistemic Modal Marking,Overlap for both possibility and necessity,"The language has markers that can code both situational and epistemic modality, both for possibility and necessity"
rus,Russian,Number of Cases,6-7 cases,6-7 case categories
rus,Russian,Number of Cases,6-7 cases,6-7 case categories
rus,Russian,The Associative Plural,No associative plural,Associative plural absent
rus,Russian,The Associative Plural,No associative plural,Associative plural absent
rus,Russian,Other Roles of Applied Objects,No applicative construction,No applicative construction
rus,Russian,Alignment of Case Marking of Full Noun Phrases,Nominative - accusative (standard),Nominative - accusative (standard)
rus,Russian,The Optative,Inflectional optative absent,Inflectional optative absent
rus,Russian,Other Roles of Applied Objects,No applicative construction,No applicative construction
rus,Russian,Alignment of Case Marking of Full Noun Phrases,Nominative - accusative (standard),Nominative - accusative (standard)
rus,Russian,The Optative,Inflectional optative absent,Inflectional optative absent
rus,Russian,Applicative Constructions,No applicative construction,No applicative construction
rus,Russian,Applicative Constructions,No applicative construction,No applicative construction
rus,Russian,Politeness Distinctions in Pronouns,Binary politeness distinction,Second person pronouns encode a binary politeness distinction
rus,Russian,Politeness Distinctions in Pronouns,Binary politeness distinction,Second person pronouns encode a binary politeness distinction
rus,Russian,Verbal Person Marking,Only the A argument,Person marking of only the A argument
rus,Russian,Verbal Person Marking,Only the A argument,Person marking of only the A argument
rus,Russian,Alignment of Case Marking of Pronouns,Nominative - accusative (standard),Nominative - accusative (standard)
rus,Russian,Suppletion in Imperatives and Hortatives,Imperative,Imperative
rus,Russian,Reciprocal Constructions,Mixed,There are both reflexive and non-reflexive reciprocal constructions.
rus,Russian,Suppletion in Imperatives and Hortatives,Imperative,Imperative
rus,Russian,Green and Blue,Green vs. blue,Green and blue
rus,Russian,Suppletion According to Tense and Aspect,Tense and aspect,Suppletion in both tense and aspect
rus,Russian,Suppletion According to Tense and Aspect,Tense and aspect,Suppletion in both tense and aspect
rus,Russian,Inflectional Synthesis of the Verb,4-5 categories per word,4-5 categories per word
rus,Russian,Inflectional Synthesis of the Verb,4-5 categories per word,4-5 categories per word
rus,Russian,Comitatives and Instrumentals,Mixed,Mixed
rus,Russian,Para-Linguistic Usages of Clicks,Affective meanings,Clicks may express affective but not logical meanings
rus,Russian,Para-Linguistic Usages of Clicks,Affective meanings,Clicks may express affective but not logical meanings
rus,Russian,M in First Person Singular,m in first person singular,m in first person singular
rus,Russian,M in First Person Singular,m in first person singular,m in first person singular
rus,Russian,Number of Non-Derived Basic Colour Categories,6,6 categories
rus,Russian,Number of Non-Derived Basic Colour Categories,6,6 categories
rus,Russian,Locus of Marking in Possessive Noun Phrases,Dependent marking,Possessor is dependent-marked
rus,Russian,Locus of Marking in Possessive Noun Phrases,Dependent marking,Possessor is dependent-marked
rus,Russian,Distributive Numerals,Marked by preceding word,Marked by preceding word
rus,Russian,Distributive Numerals,Marked by preceding word,Marked by preceding word
rus,Russian,Case Syncretism,Core and non-core,Inflectional case marking is syncretic for core and non-core cases
rus,Russian,Plurality in Independent Personal Pronouns,Person-number stem + nominal plural affix,Person-number stem with a nominal plural affix
rus,Russian,Case Syncretism,Core and non-core,Inflectional case marking is syncretic for core and non-core cases
rus,Russian,Ordinal Numerals,"First, second, three-th",Second: 'First' and a small set of consecutive higher ordinal numerals are suppletive
rus,Russian,Asymmetrical Case-Marking,Syncretism in relevant NP-types,Syncretism in relevant NP-types
rus,Russian,Ordinal Numerals,"First, second, three-th",Second: 'First' and a small set of consecutive higher ordinal numerals are suppletive
rus,Russian,Green and Blue,Green vs. blue,Green and blue
rus,Russian,Comitatives and Instrumentals,Mixed,Mixed
rus,Russian,Vowel Quality Inventories,Average (5-6),Average vowel inventory (5-6)
rus,Russian,The Prohibitive,Normal imperative + normal negative,The prohibitive uses the verbal construction of the second singular imperative and a sentential negative strategy found in (indicative) declaratives
rus,Russian,Alignment of Verbal Person Marking,Accusative,Accusative alignment
rus,Russian,Alignment of Verbal Person Marking,Accusative,Accusative alignment
rus,Russian,Relationship between the Order of Object and Verb and the Order of Adposition and Noun Phrase,VO and Prepositions,Verb-object and prepositional (VO&Prep)
rus,Russian,Relationship between the Order of Object and Verb and the Order of Adposition and Noun Phrase,VO and Prepositions,Verb-object and prepositional (VO&Prep)
rus,Russian,Order of Adverbial Subordinator and Clause,Initial subordinator word,Adverbial subordinators which are separate words and which appear at the beginning of the subordinate clause
rus,Russian,Order of Adverbial Subordinator and Clause,Initial subordinator word,Adverbial subordinators which are separate words and which appear at the beginning of the subordinate clause
rus,Russian,Position of Interrogative Phrases in Content Questions,Initial interrogative phrase,Interrogative phrases obligatorily initial
rus,Russian,Position of Interrogative Phrases in Content Questions,Initial interrogative phrase,Interrogative phrases obligatorily initial
rus,Russian,Order of Degree Word and Adjective,Degree word-Adjective,Degree word precedes adjective (DegAdj)
rus,Russian,Order of Degree Word and Adjective,Degree word-Adjective,Degree word precedes adjective (DegAdj)
rus,Russian,Order of Demonstrative and Noun,Demonstrative-Noun,Demonstrative word precedes noun (DemN)
rus,Russian,Order of Demonstrative and Noun,Demonstrative-Noun,Demonstrative word precedes noun (DemN)
rus,Russian,Order of Adposition and Noun Phrase,Prepositions,Prepositions
rus,Russian,Order of Adposition and Noun Phrase,Prepositions,Prepositions
rus,Russian,Coding of Evidentiality,No grammatical evidentials,No grammatical evidentials
rus,Russian,Coding of Evidentiality,No grammatical evidentials,No grammatical evidentials
rus,Russian,Semantic Distinctions of Evidentiality,No grammatical evidentials,No grammatical evidentials
rus,Russian,Semantic Distinctions of Evidentiality,No grammatical evidentials,No grammatical evidentials
rus,Russian,The Perfect,No perfect,No perfect
rus,Russian,The Perfect,No perfect,No perfect
rus,Russian,The Future Tense,No inflectional future,No inflectional marking of future/non-future distinction
rus,Russian,The Future Tense,No inflectional future,No inflectional marking of future/non-future distinction
rus,Russian,Person Marking on Adpositions,No person marking,Adpositions without person marking
rus,Russian,Person Marking on Adpositions,No person marking,Adpositions without person marking
rus,Russian,Inclusive/Exclusive Distinction in Independent Pronouns,No inclusive/exclusive,No inclusive/exclusive opposition
rus,Russian,Nonperiphrastic Causative Constructions,Morphological but no compound,Morphological type but no compound type
rus,Russian,Inclusive/Exclusive Distinction in Independent Pronouns,No inclusive/exclusive,No inclusive/exclusive opposition
rus,Russian,Nonperiphrastic Causative Constructions,Morphological but no compound,Morphological type but no compound type
rus,Russian,Negative Morphemes,Negative particle,Negative particle
rus,Russian,Sex-based and Non-sex-based Gender Systems,Sex-based,Sex-based gender system
rus,Russian,Number of Genders,Three,Three
rus,Russian,Number of Genders,Three,Three
rus,Russian,Syncretism in Verbal Person/Number Marking,Not syncretic,Subject person/number marking is never syncretic
rus,Russian,Syncretism in Verbal Person/Number Marking,Not syncretic,Subject person/number marking is never syncretic
rus,Russian,Zero Marking of A and P Arguments,Non-zero marking,Non-zero marking
rus,Russian,Zero Marking of A and P Arguments,Non-zero marking,Non-zero marking
rus,Russian,Weight Factors in Weight-Sensitive Stress Systems,Lexical stress,"Lexical: lexical stress, diacritic weight"
rus,Russian,Weight Factors in Weight-Sensitive Stress Systems,Lexical stress,"Lexical: lexical stress, diacritic weight"
rus,Russian,Fixed Stress Locations,No fixed stress,No fixed stress (mostly weight-sensitive stress)
rus,Russian,Fixed Stress Locations,No fixed stress,No fixed stress (mostly weight-sensitive stress)
rus,Russian,Tone,No tones,No tones
rus,Russian,Tone,No tones,No tones
rus,Russian,Voicing in Plosives and Fricatives,In both plosives and fricatives,Voicing contrast in both plosives and fricatives
rus,Russian,Voicing in Plosives and Fricatives,In both plosives and fricatives,Voicing contrast in both plosives and fricatives
rus,Russian,SVONeg Order,No SVONeg,SVO but SVONeg does not occur
rus,Russian,SVONeg Order,No SVONeg,SVO but SVONeg does not occur
rus,Russian,SVNegO Order,No SVNegO,"SVO, but SVNegO does not occur"
rus,Russian,SVNegO Order,No SVNegO,"SVO, but SVNegO does not occur"
rus,Russian,Postverbal Negative Morphemes,,No postverbal negative morpheme
rus,Russian,Postverbal Negative Morphemes,,No postverbal negative morpheme
rus,Russian,Preverbal Negative Morphemes,NegV,Preverbal negative word
rus,Russian,Preverbal Negative Morphemes,NegV,Preverbal negative word
rus,Russian,Order of Negative Morpheme and Verb,NegV,NegV
rus,Russian,Order of Negative Morpheme and Verb,NegV,NegV
rus,Russian,Negative Morphemes,Negative particle,Negative particle
rus,Russian,Sex-based and Non-sex-based Gender Systems,Sex-based,Sex-based gender system
rus,Russian,Exponence of Tense-Aspect-Mood Inflection,monoexponential TAM,monoexponential TAM
rus,Russian,Fusion of Selected Inflectional Formatives,Exclusively concatenative,Exclusively concatenative
rus,Russian,Order of Relative Clause and Noun,Noun-Relative clause,Relative clause follows noun (NRel)
rus,Russian,Order of Relative Clause and Noun,Noun-Relative clause,Relative clause follows noun (NRel)
rus,Russian,Order of Object and Verb,VO,Object follows verb (VO)
rus,Russian,Order of Object and Verb,VO,Object follows verb (VO)
rus,Russian,Order of Subject and Verb,SV,Subject precedes verb (SV)
rus,Russian,Order of Subject and Verb,SV,Subject precedes verb (SV)
rus,Russian,"Order of Subject, Object and Verb",SVO,Subject-verb-object (SVO)
rus,Russian,"Order of Subject, Object and Verb",SVO,Subject-verb-object (SVO)
rus,Russian,Numeral Classifiers,Absent,Numeral classifiers are absent
rus,Russian,Numeral Classifiers,Absent,Numeral classifiers are absent
rus,Russian,Coding of Nominal Plurality,Plural suffix,Plural suffix
rus,Russian,Coding of Nominal Plurality,Plural suffix,Plural suffix
rus,Russian,Absence of Common Consonants,All present,All present
rus,Russian,Absence of Common Consonants,All present,All present
rus,Russian,Front Rounded Vowels,,
rus,Russian,Front Rounded Vowels,,
rus,Russian,Vowel Nasalization,Contrast absent,Contrastive nasal vowels absent
rus,Russian,Vowel Nasalization,Contrast absent,Contrastive nasal vowels absent
rus,Russian,Lateral Consonants,"/l/, no obstruent laterals","/l/, no obstruent laterals"
rus,Russian,Lateral Consonants,"/l/, no obstruent laterals","/l/, no obstruent laterals"
rus,Russian,Voicing and Gaps in Plosive Systems,None missing in /p t k b d g/,/p t k b d g/
rus,Russian,Voicing and Gaps in Plosive Systems,None missing in /p t k b d g/,/p t k b d g/
rus,Russian,Consonant-Vowel Ratio,High,High
rus,Russian,Consonant-Vowel Ratio,High,High
rus,Russian,Vowel Quality Inventories,Average (5-6),Average vowel inventory (5-6)
rus,Russian,Postnominal relative clauses,Noun-Relative clause (NRel) dominant,Noun-Relative clause (NRel) dominant
rus,Russian,Exponence of Tense-Aspect-Mood Inflection,monoexponential TAM,monoexponential TAM
rus,Russian,Postnominal relative clauses,Noun-Relative clause (NRel) dominant,Noun-Relative clause (NRel) dominant
rus,Russian,Relationship between the Order of Object and Verb and the Order of Relative Clause and Noun,VO and NRel,Verb-object and noun-relative clause (VO&NRel)
rus,Russian,Fusion of Selected Inflectional Formatives,Exclusively concatenative,Exclusively concatenative
rus,Russian,Presence of Uncommon Consonants,,
rus,Russian,Presence of Uncommon Consonants,,
rus,Russian,Syllable Structure,Complex,Complex syllable structure
rus,Russian,Syllable Structure,Complex,Complex syllable structure
rus,Russian,Glottalized Consonants,No glottalized consonants,No glottalized consonants
rus,Russian,Glottalized Consonants,No glottalized consonants,No glottalized consonants
rus,Russian,Tea,Words derived from Sinitic cha,Words derived from Sinitic cha
rus,Russian,Tea,Words derived from Sinitic cha,Words derived from Sinitic cha
rus,Russian,The Velar Nasal,No velar nasal,No velar nasal
rus,Russian,The Velar Nasal,No velar nasal,No velar nasal
rus,Russian,Minor morphological means of signaling negation,,"No negative tone, infix or stem change"
rus,Russian,Minor morphological means of signaling negation,,"No negative tone, infix or stem change"
rus,Russian,Position of Pronominal Possessive Affixes,No possessive affixes,No possessive affixes
rus,Russian,Position of Pronominal Possessive Affixes,No possessive affixes,No possessive affixes
rus,Russian,Position of Case Affixes,Case suffixes,Case suffixes
rus,Russian,Position of Case Affixes,Case suffixes,Case suffixes
rus,Russian,Prefixing vs. Suffixing in Inflectional Morphology,Strongly suffixing,Predominantly suffixing
rus,Russian,Prefixing vs. Suffixing in Inflectional Morphology,Strongly suffixing,Predominantly suffixing
rus,Russian,Finger and Hand,Different,"Differentiation: one word denotes 'hand' and another, different word denotes 'finger' (or, very rarely, 'fingers')"
rus,Russian,Finger and Hand,Different,"Differentiation: one word denotes 'hand' and another, different word denotes 'finger' (or, very rarely, 'fingers')"
rus,Russian,Hand and Arm,Identical,Identity: a single word denotes both 'hand' and 'arm'
rus,Russian,Hand and Arm,Identical,Identity: a single word denotes both 'hand' and 'arm'
rus,Russian,Polar Questions,Question particle,Question particle
rus,Russian,Polar Questions,Question particle,Question particle
rus,Russian,Relationship between the Order of Object and Verb and the Order of Relative Clause and Noun,VO and NRel,Verb-object and noun-relative clause (VO&NRel)
rus,Russian,The Prohibitive,Normal imperative + normal negative,The prohibitive uses the verbal construction of the second singular imperative and a sentential negative strategy found in (indicative) declaratives
rus,Russian,Occurrence of Nominal Plurality,"All nouns, always obligatory","Plural in all nouns, always obligatory"
rus,Russian,Inclusive/Exclusive Distinction in Verbal Inflection,No inclusive/exclusive,No inclusive/exclusive opposition
rus,Russian,Position of negative words relative to beginning and end of clause and with respect to adjacency to verb,Immed preverbal,Immediately preverbal
rus,Russian,"Position of Negative Word With Respect to Subject, Object, and Verb",SNegVO,SNegVO
rus,Russian,"Position of Negative Word With Respect to Subject, Object, and Verb",SNegVO,SNegVO
rus,Russian,M in Second Person Singular,No m in second person singular,No m in second person singular
rus,Russian,M in Second Person Singular,No m in second person singular,No m in second person singular
rus,Russian,'Want' Complement Subjects,Subject is left implicit,The complement subject is left implicit
rus,Russian,'Want' Complement Subjects,Subject is left implicit,The complement subject is left implicit
rus,Russian,Zero Copula for Predicate Nominals,Possible,Zero copula is possible
rus,Russian,Zero Copula for Predicate Nominals,Possible,Zero copula is possible
rus,Russian,Order of Numeral and Noun,Numeral-Noun,Numeral precedes noun (NumN)
rus,Russian,Order of Numeral and Noun,Numeral-Noun,Numeral precedes noun (NumN)
rus,Russian,Order of Genitive and Noun,Noun-Genitive,Noun-genitive (NGen)
rus,Russian,Order of Genitive and Noun,Noun-Genitive,Noun-genitive (NGen)
rus,Russian,Indefinite Pronouns,Interrogative-based,Interrogative-based indefinites
rus,Russian,Indefinite Pronouns,Interrogative-based,Interrogative-based indefinites
rus,Russian,Indefinite Articles,No definite or indefinite article,Neither indefinite nor definite
rus,Russian,Indefinite Articles,No definite or indefinite article,Neither indefinite nor definite
rus,Russian,Definite Articles,No definite or indefinite article,Neither definite nor indefinite article
rus,Russian,Definite Articles,No definite or indefinite article,Neither definite nor indefinite article
rus,Russian,NegSVO Order,No NegSVO,SVO but NegSVO does not occur
rus,Russian,NegSVO Order,No NegSVO,SVO but NegSVO does not occur
rus,Russian,Numeral Bases,Decimal,Decimal
rus,Russian,Numeral Bases,Decimal,Decimal
rus,Russian,Utterance Complement Clauses,Balanced,Balanced
rus,Russian,Utterance Complement Clauses,Balanced,Balanced
rus,Russian,Position of negative words relative to beginning and end of clause and with respect to adjacency to verb,Immed preverbal,Immediately preverbal
rus,Russian,Order of Person Markers on the Verb,A and P do not or do not both occur on the verb,A and P do not or do not both occur on the verb
rus,Russian,The Position of Negative Morphemes in SVO Languages,SNegVO,SNegVO
rus,Russian,SNegVO Order,Word&NoDoubleNeg,"Separate word, no double negation"
rus,Russian,Position of Polar Question Particles,Second position,Question particle in second position in sentence
rus,Russian,Position of Polar Question Particles,Second position,Question particle in second position in sentence
rus,Russian,Relationship between the Order of Object and Verb and the Order of Adjective and Noun,VO and AdjN,Verb-object and adjective-noun (VO&AdjN)
rus,Russian,Relationship between the Order of Object and Verb and the Order of Adjective and Noun,VO and AdjN,Verb-object and adjective-noun (VO&AdjN)
rus,Russian,Position of Tense-Aspect Affixes,Mixed type,Combination of tense-aspect strategies with none primary
rus,Russian,Position of Tense-Aspect Affixes,Mixed type,Combination of tense-aspect strategies with none primary
rus,Russian,Predicative Possession,Locational,Locational Possessive
rus,Russian,Predicative Possession,Locational,Locational Possessive
rus,Russian,Reduplication,No productive reduplication,No productive reduplication
rus,Russian,Reduplication,No productive reduplication,No productive reduplication
rus,Russian,Nominal and Locational Predication,Identical,Shared (i.e. identical) encoding of nominal and locational predication
rus,Russian,Nominal and Locational Predication,Identical,Shared (i.e. identical) encoding of nominal and locational predication
rus,Russian,Predicative Adjectives,Nonverbal encoding,Predicative adjectives have nonverbal encoding
rus,Russian,Predicative Adjectives,Nonverbal encoding,Predicative adjectives have nonverbal encoding
rus,Russian,Red and Yellow,Red vs. yellow,Red and yellow
rus,Russian,Red and Yellow,Red vs. yellow,Red and yellow
rus,Russian,Systems of Gender Assignment,Semantic and formal,Semantic and formal assignment
rus,Russian,Systems of Gender Assignment,Semantic and formal,Semantic and formal assignment
rus,Russian,Consonant Inventories,Moderately large,Moderately large
rus,Russian,Consonant Inventories,Moderately large,Moderately large
rus,Russian,Order of Adjective and Noun,Adjective-Noun,Modifying adjective precedes noun (AdjN)
rus,Russian,Order of Adjective and Noun,Adjective-Noun,Modifying adjective precedes noun (AdjN)
rus,Russian,Uvular Consonants,,No uvulars
rus,Russian,Uvular Consonants,,No uvulars
rus,Russian,SNegVO Order,Word&NoDoubleNeg,"Separate word, no double negation"
rus,Russian,The Position of Negative Morphemes in SVO Languages,SNegVO,SNegVO
rus,Russian,Occurrence of Nominal Plurality,"All nouns, always obligatory","Plural in all nouns, always obligatory"
rus,Russian,Order of Person Markers on the Verb,A and P do not or do not both occur on the verb,A and P do not or do not both occur on the verb
rus,Russian,Expression of Pronominal Subjects,Obligatory pronouns in subject position,Pronominal subjects are expressed by pronouns in subject position that are normally if not obligatorily present
rus,Russian,Perfective/Imperfective Aspect,Grammatical marking,Grammatical marking of perfective/imperfective distinction
rus,Russian,Perfective/Imperfective Aspect,Grammatical marking,Grammatical marking of perfective/imperfective distinction
rus,Russian,Nominal and Verbal Conjunction,Identity,Nominal and verbal conjunction are largely identical
rus,Russian,Nominal and Verbal Conjunction,Identity,Nominal and verbal conjunction are largely identical
rus,Russian,Noun Phrase Conjunction,'And' different from 'with',AND-languages: 'and' and 'with' are not identical
rus,Russian,Noun Phrase Conjunction,'And' different from 'with',AND-languages: 'and' and 'with' are not identical
rus,Russian,Action Nominal Constructions,Ergative-Possessive,"Ergative-Possessive: S/P treated as possessors, A treated differently"
rus,Russian,Action Nominal Constructions,Ergative-Possessive,"Ergative-Possessive: S/P treated as possessors, A treated differently"
rus,Russian,Adjectives without Nouns,Without marking,"Adjective may occur without noun, and without marking"
rus,Russian,Adjectives without Nouns,Without marking,"Adjective may occur without noun, and without marking"
rus,Russian,"Genitives, Adjectives and Relative Clauses",Highly differentiated,Highly differentiated
rus,Russian,"Genitives, Adjectives and Relative Clauses",Highly differentiated,Highly differentiated
rus,Russian,Possessive Classification,No possessive classification,No possessive classification
rus,Russian,Possessive Classification,No possessive classification,No possessive classification
rus,Russian,Number of Possessive Nouns,None reported,None reported
rus,Russian,Number of Possessive Nouns,None reported,None reported
rus,Russian,Obligatory Possessive Inflection,Absent,No obligatorily possessed nouns
rus,Russian,Obligatory Possessive Inflection,Absent,No obligatorily possessed nouns
rus,Russian,Intensifiers and Reflexive Pronouns,Differentiated,Intensifiers and reflexive pronouns are formally differentiated
rus,Russian,Intensifiers and Reflexive Pronouns,Differentiated,Intensifiers and reflexive pronouns are formally differentiated
rus,Russian,Pronominal and Adnominal Demonstratives,Identical,Same forms
rus,Russian,Pronominal and Adnominal Demonstratives,Identical,Same forms
rus,Russian,Distance Contrasts in Demonstratives,Two-way contrast,Two-way contrast
rus,Russian,Distance Contrasts in Demonstratives,Two-way contrast,Two-way contrast
rus,Russian,Inclusive/Exclusive Distinction in Verbal Inflection,No inclusive/exclusive,No inclusive/exclusive opposition
rus,Russian,The Past Tense,"Present, no remoteness distinctions",Past/non-past distinction marked; no remoteness distinction
rus,Russian,Expression of Pronominal Subjects,Obligatory pronouns in subject position,Pronominal subjects are expressed by pronouns in subject position that are normally if not obligatorily present
rus,Russian,The Past Tense,"Present, no remoteness distinctions",Past/non-past distinction marked; no remoteness distinction
rus,Russian,The Morphological Imperative,Second singular and second plural,The language has morphologically dedicated second singular as well as second plural imperatives
rus,Russian,Gender Distinctions in Independent Personal Pronouns,3rd person singular only,Gender distinctions in 3rd person singular only
rus,Russian,Gender Distinctions in Independent Personal Pronouns,3rd person singular only,Gender distinctions in 3rd person singular only
rus,Russian,N-M Pronouns,No N-M pronouns,No N-M pronouns
rus,Russian,N-M Pronouns,No N-M pronouns,No N-M pronouns
rus,Russian,Purpose Clauses,Balanced/deranked,Balanced/deranked
rus,Russian,Purpose Clauses,Balanced/deranked,Balanced/deranked
rus,Russian,Negative Indefinite Pronouns and Predicate Negation,Predicate negation also present,Negative indefinites co-occur with predicate negation
rus,Russian,Negative Indefinite Pronouns and Predicate Negation,Predicate negation also present,Negative indefinites co-occur with predicate negation
rus,Russian,Periphrastic Causative Constructions,Purposive but no sequential,Purposive type but no sequential type
rus,Russian,Periphrastic Causative Constructions,Purposive but no sequential,Purposive type but no sequential type
rus,Russian,Productivity of the Antipassive Construction,no antipassive,no antipassive
rus,Russian,Productivity of the Antipassive Construction,no antipassive,no antipassive
rus,Russian,Antipassive Constructions,No antipassive,No antipassive
rus,Russian,Antipassive Constructions,No antipassive,No antipassive
rus,Russian,Ditransitive Constructions: The Verb 'Give',Indirect-object construction,Indirect-object construction
rus,Russian,Third Person Zero of Verbal Person Marking,No zero realization,No zero realization of third person S forms
rus,Russian,Third Person Zero of Verbal Person Marking,No zero realization,No zero realization of third person S forms
rus,Russian,Verbal Number and Suppletion,,No singular-(dual)-plural pairs/triples
rus,Russian,Verbal Number and Suppletion,,No singular-(dual)-plural pairs/triples
rus,Russian,Epistemic Possibility,Verbal constructions,The language can express epistemic possibility with verbal constructions
rus,Russian,Epistemic Possibility,Verbal constructions,The language can express epistemic possibility with verbal constructions
rus,Russian,Situational Possibility,Verbal constructions,"The language cannot express situational possibility with affixes on verbs, but with verbal constructions"
rus,Russian,Situational Possibility,Verbal constructions,"The language cannot express situational possibility with affixes on verbs, but with verbal constructions"
rus,Russian,Imperative-Hortative Systems,Neither type of system,The language has neither a maximal nor a minimal system
rus,Russian,Imperative-Hortative Systems,Neither type of system,The language has neither a maximal nor a minimal system
rus,Russian,The Morphological Imperative,Second singular and second plural,The language has morphologically dedicated second singular as well as second plural imperatives
rus,Russian,Ditransitive Constructions: The Verb 'Give',Indirect-object construction,Indirect-object construction
